mon_feature_id,sample_begin_depth,Ca_Diss_Water,Cl_Diss_Water,DMS_Tot_Water,EC_Phys_Water,F_Diss_Water,K_Diss_Water,KJEL_N_Tot_Water,Mg_Diss_Water,Na_Diss_Water,NH4_N_Diss_Water,NO3_NO2_N_Diss_Water,P_Tot_Water,pH_Diss_Water,PO4_P_Diss_Water,Si_Diss_Water,SO4_Diss_Water,TAL_Diss_Water
101979.0,0.0,9.61868181818182,35.23472727272728,117.84917073170733,19.38488095238095,0.1595,2.347837209302325,,4.484136363636365,19.820690476190475,0.06804545454545453,0.32320930232558137,,7.17659090909091,0.04061363636363636,4.3364090909090915,10.477465116279069,27.82936363636363
