mon_feature_id,sample_begin_depth,Ca_Diss_Water,Cl_Diss_Water,DMS_Tot_Water,EC_Phys_Water,F_Diss_Water,K_Diss_Water,KJEL_N_Tot_Water,Mg_Diss_Water,Na_Diss_Water,NH4_N_Diss_Water,NO3_NO2_N_Diss_Water,P_Tot_Water,pH_Diss_Water,PO4_P_Diss_Water,Si_Diss_Water,SO4_Diss_Water,TAL_Diss_Water
101979.0,0.0,11.888171428571429,35.50825714285714,145.42540625,20.908359999999995,0.1501470588235294,3.359060606060606,,4.701571428571427,23.19478125,0.10674285714285713,0.1966857142857143,,7.127457142857142,0.034371428571428574,4.359428571428572,7.820685714285716,46.45794444444445
