mon_feature_id,sample_begin_depth,Ca_Diss_Water,Cl_Diss_Water,DMS_Tot_Water,EC_Phys_Water,F_Diss_Water,K_Diss_Water,KJEL_N_Tot_Water,Mg_Diss_Water,Na_Diss_Water,NH4_N_Diss_Water,NO3_NO2_N_Diss_Water,P_Tot_Water,pH_Diss_Water,PO4_P_Diss_Water,Si_Diss_Water,SO4_Diss_Water,TAL_Diss_Water
101979.0,0.0,10.094205128205127,38.87397435897435,129.63755555555556,22.82156626506024,0.1471388888888889,2.6296315789473685,,5.335846153846154,21.772324324324323,0.4051052631578948,0.9591351351351352,,7.284333333333334,0.10023684210526314,4.843473684210526,11.645948717948718,30.957421052631588
