mon_feature_id,sample_begin_depth,Ca_Diss_Water,Cl_Diss_Water,DMS_Tot_Water,EC_Phys_Water,F_Diss_Water,K_Diss_Water,KJEL_N_Tot_Water,Mg_Diss_Water,Na_Diss_Water,NH4_N_Diss_Water,NO3_NO2_N_Diss_Water,P_Tot_Water,pH_Diss_Water,PO4_P_Diss_Water,Si_Diss_Water,SO4_Diss_Water,TAL_Diss_Water
101979.0,0.0,10.374868421052632,39.77044736842105,136.11628571428574,22.09963414634146,0.20805555555555555,2.505081081081081,0.34,5.065157894736841,23.52181081081081,0.09921052631578946,0.3528333333333334,0.071,7.273052631578946,0.026947368421052633,4.728052631578948,10.425973684210527,35.99389473684211
