mon_feature_id,sample_begin_depth,Ca_Diss_Water,Cl_Diss_Water,DMS_Tot_Water,EC_Phys_Water,F_Diss_Water,K_Diss_Water,KJEL_N_Tot_Water,Mg_Diss_Water,Na_Diss_Water,NH4_N_Diss_Water,NO3_NO2_N_Diss_Water,P_Tot_Water,pH_Diss_Water,PO4_P_Diss_Water,Si_Diss_Water,SO4_Diss_Water,TAL_Diss_Water
101979.0,0.0,12.136238095238095,43.73445238095238,152.2854054054054,24.587349397590366,0.17810000000000004,2.6866341463414636,,5.943738095238096,26.20230769230769,0.2215952380952381,0.301829268292683,,7.275488372093023,0.04702380952380952,5.5208571428571425,9.749190476190476,44.71388095238095
