mon_feature_id,sample_begin_depth,Ca_Diss_Water,Cl_Diss_Water,DMS_Tot_Water,EC_Phys_Water,F_Diss_Water,K_Diss_Water,KJEL_N_Tot_Water,Mg_Diss_Water,Na_Diss_Water,NH4_N_Diss_Water,NO3_NO2_N_Diss_Water,P_Tot_Water,pH_Diss_Water,PO4_P_Diss_Water,Si_Diss_Water,SO4_Diss_Water,TAL_Diss_Water
101979.0,0.0,12.094216216216218,46.00391891891892,155.3624411764706,25.406,0.20774285714285715,2.583388888888889,,6.475702702702702,26.90822222222222,0.12783783783783784,0.2884285714285714,,7.329432432432432,0.024324324324324322,5.771837837837838,11.587000000000002,42.82197297297297
