mon_feature_id,sample_begin_depth,Ca_Diss_Water,Cl_Diss_Water,DMS_Tot_Water,EC_Phys_Water,F_Diss_Water,K_Diss_Water,KJEL_N_Tot_Water,Mg_Diss_Water,Na_Diss_Water,NH4_N_Diss_Water,NO3_NO2_N_Diss_Water,P_Tot_Water,pH_Diss_Water,PO4_P_Diss_Water,Si_Diss_Water,SO4_Diss_Water,TAL_Diss_Water
101979.0,0.0,10.812823529411766,42.71265714285713,149.0075588235294,24.781216216216215,0.15402857142857143,2.579571428571429,,6.269857142857143,24.887657142857144,0.055285714285714285,0.4039142857142858,,7.314114285714284,0.03440000000000001,5.060228571428572,12.257771428571429,39.6482
