mon_feature_id,sample_begin_depth,Ca_Diss_Water,Cl_Diss_Water,DMS_Tot_Water,EC_Phys_Water,F_Diss_Water,K_Diss_Water,KJEL_N_Tot_Water,Mg_Diss_Water,Na_Diss_Water,NH4_N_Diss_Water,NO3_NO2_N_Diss_Water,P_Tot_Water,pH_Diss_Water,PO4_P_Diss_Water,Si_Diss_Water,SO4_Diss_Water,TAL_Diss_Water
101979.0,0.0,9.900472222222223,34.12705555555556,125.44956250000001,20.183875,0.13920588235294118,2.7025588235294116,,4.370638888888888,21.078088235294118,0.19691666666666666,0.2031764705882353,,7.290694444444445,0.05388888888888889,3.9241944444444448,7.048666666666667,38.72836111111111
