mon_feature_id,sample_begin_depth,Ca_Diss_Water,Cl_Diss_Water,DMS_Tot_Water,EC_Phys_Water,F_Diss_Water,K_Diss_Water,KJEL_N_Tot_Water,Mg_Diss_Water,Na_Diss_Water,NH4_N_Diss_Water,NO3_NO2_N_Diss_Water,P_Tot_Water,pH_Diss_Water,PO4_P_Diss_Water,Si_Diss_Water,SO4_Diss_Water,TAL_Diss_Water
101979.0,0.0,10.176066666666665,35.99929032258064,129.4248275862069,21.204,0.15183333333333335,2.262806451612903,,4.83825806451613,21.535709677419355,0.1153548387096774,0.20493548387096777,,7.0482258064516135,0.027322580645161295,4.590451612903226,9.518225806451612,37.40751612903225
