mon_feature_id,sample_begin_depth,Ca_Diss_Water,Cl_Diss_Water,DMS_Tot_Water,EC_Phys_Water,F_Diss_Water,K_Diss_Water,KJEL_N_Tot_Water,Mg_Diss_Water,Na_Diss_Water,NH4_N_Diss_Water,NO3_NO2_N_Diss_Water,P_Tot_Water,pH_Diss_Water,PO4_P_Diss_Water,Si_Diss_Water,SO4_Diss_Water,TAL_Diss_Water
101979.0,0.0,9.919926829268292,37.649073170731704,124.5960810810811,21.287926829268294,0.2094102564102564,3.3571,,4.6231,22.69625,0.4817560975609755,0.28226829268292686,,7.173809523809524,0.17141463414634148,4.990390243902439,9.686924999999999,37.11948780487805
