mon_feature_id,sample_begin_depth,Ca_Diss_Water,Cl_Diss_Water,DMS_Tot_Water,EC_Phys_Water,F_Diss_Water,K_Diss_Water,KJEL_N_Tot_Water,Mg_Diss_Water,Na_Diss_Water,NH4_N_Diss_Water,NO3_NO2_N_Diss_Water,P_Tot_Water,pH_Diss_Water,PO4_P_Diss_Water,Si_Diss_Water,SO4_Diss_Water,TAL_Diss_Water
101979.0,0.0,10.50263157894737,33.10194871794871,131.70169696969697,21.663333333333327,0.17919444444444446,3.062973684210527,,4.456051282051281,20.162702702702706,0.1352820512820513,0.13418918918918918,,7.086974358974359,0.029947368421052622,4.082179487179487,8.173615384615383,41.6906923076923
