Year,Month,Ca_Diss_Water,Cl_Diss_Water,DMS_Tot_Water,EC_Phys_Water,F_Diss_Water,K_Diss_Water,Mg_Diss_Water,Na_Diss_Water,NH4_N_Diss_Water,NO3_NO2_N_Diss_Water,pH_Diss_Water,PO4_P_Diss_Water,Si_Diss_Water,SO4_Diss_Water,TAL_Diss_Water
1992.5714285714287,9.0,3.1760869565217384,10.484782608695651,42.79777777777778,7.1017857142857155,0.13333333333333333,0.7347826086956522,1.4869565217391305,6.813043478260869,0.044000000000000004,0.07800000000000001,6.346296296296297,0.004,2.8579999999999997,5.260869565217392,12.023913043478261
