Year,Month,Ca_Diss_Water,Cl_Diss_Water,DMS_Tot_Water,EC_Phys_Water,F_Diss_Water,K_Diss_Water,Mg_Diss_Water,Na_Diss_Water,NH4_N_Diss_Water,NO3_NO2_N_Diss_Water,pH_Diss_Water,PO4_P_Diss_Water,Si_Diss_Water,SO4_Diss_Water,TAL_Diss_Water
1993.758064516129,12.0,3.609090909090908,11.983636363636366,43.6462962962963,7.651612903225805,0.14444444444444443,1.0090909090909093,1.5054545454545456,6.492727272727274,0.053448275862068975,0.12931034482758622,6.580645161290323,0.005172413793103449,1.9896551724137934,4.8090909090909095,11.020000000000003
