Year,Month,Ca_Diss_Water,Cl_Diss_Water,DMS_Tot_Water,EC_Phys_Water,F_Diss_Water,K_Diss_Water,Mg_Diss_Water,Na_Diss_Water,NH4_N_Diss_Water,NO3_NO2_N_Diss_Water,pH_Diss_Water,PO4_P_Diss_Water,Si_Diss_Water,SO4_Diss_Water,TAL_Diss_Water
1994.484375,4.0,3.524074074074074,13.085185185185184,44.7925925925926,8.428125,0.13518518518518516,0.9129629629629629,1.738888888888889,7.148148148148148,0.03770491803278688,0.09999999999999999,6.6650793650793645,0.0049180327868852455,2.347540983606557,5.011111111111112,10.209259259259259
