Year,Month,Ca_Diss_Water,Cl_Diss_Water,DMS_Tot_Water,EC_Phys_Water,F_Diss_Water,K_Diss_Water,Mg_Diss_Water,Na_Diss_Water,NH4_N_Diss_Water,NO3_NO2_N_Diss_Water,pH_Diss_Water,PO4_P_Diss_Water,Si_Diss_Water,SO4_Diss_Water,TAL_Diss_Water
1995.5,3.0,3.2111111111111112,14.015873015873016,44.84516129032259,8.227027027027027,0.11774193548387096,1.0333333333333332,1.7761904761904763,7.401587301587302,0.05492957746478873,0.12361111111111109,6.614864864864864,0.0028169014084507044,1.5408450704225354,5.534920634920636,8.971875
