Year,Month,Ca_Diss_Water,Cl_Diss_Water,DMS_Tot_Water,EC_Phys_Water,F_Diss_Water,K_Diss_Water,Mg_Diss_Water,Na_Diss_Water,NH4_N_Diss_Water,NO3_NO2_N_Diss_Water,pH_Diss_Water,PO4_P_Diss_Water,Si_Diss_Water,SO4_Diss_Water,TAL_Diss_Water
1994.6666666666667,5.0,3.3000000000000003,10.572222222222225,40.04716981132076,7.468253968253969,0.12777777777777774,0.8907407407407407,1.437037037037037,5.905555555555558,0.03833333333333333,0.08666666666666664,6.601587301587302,0.0,2.8966666666666665,4.243396226415094,10.577777777777776
