Year,Month,Ca_Diss_Water,Cl_Diss_Water,DMS_Tot_Water,EC_Phys_Water,F_Diss_Water,K_Diss_Water,Mg_Diss_Water,Na_Diss_Water,NH4_N_Diss_Water,NO3_NO2_N_Diss_Water,pH_Diss_Water,PO4_P_Diss_Water,Si_Diss_Water,SO4_Diss_Water,TAL_Diss_Water
1995.48,1.0,3.159090909090909,13.05,41.82121212121213,7.937333333333334,0.11515151515151513,0.8924242424242423,1.6712121212121211,6.774242424242424,0.05833333333333332,0.12083333333333329,6.573333333333333,0.0,1.338888888888889,4.343939393939394,9.201515151515153
