Year,Month,Ca_Diss_Water,Cl_Diss_Water,DMS_Tot_Water,EC_Phys_Water,F_Diss_Water,K_Diss_Water,Mg_Diss_Water,Na_Diss_Water,NH4_N_Diss_Water,NO3_NO2_N_Diss_Water,pH_Diss_Water,PO4_P_Diss_Water,Si_Diss_Water,SO4_Diss_Water,TAL_Diss_Water
1994.3684210526317,7.0,2.4478260869565216,9.015217391304347,31.90652173913044,6.212280701754386,0.12391304347826085,0.5152173913043478,1.0695652173913042,5.093478260869565,0.032075471698113214,0.08113207547169811,6.348214285714286,0.009433962264150943,2.6943396226415093,3.641304347826087,7.430434782608697
