Year,Month,Ca_Diss_Water,Cl_Diss_Water,DMS_Tot_Water,EC_Phys_Water,F_Diss_Water,K_Diss_Water,Mg_Diss_Water,Na_Diss_Water,NH4_N_Diss_Water,NO3_NO2_N_Diss_Water,pH_Diss_Water,PO4_P_Diss_Water,Si_Diss_Water,SO4_Diss_Water,TAL_Diss_Water
1993.3870967741937,11.0,3.4735849056603767,11.173584905660379,42.01960784313726,7.611290322580645,0.1192307692307692,0.8320754716981134,1.2962264150943397,6.479245283018868,0.044642857142857144,0.11964285714285713,6.708196721311476,0.0017857142857142859,2.760714285714286,4.082692307692308,11.284905660377358
