Year,Month,Ca_Diss_Water,Cl_Diss_Water,DMS_Tot_Water,EC_Phys_Water,F_Diss_Water,K_Diss_Water,Mg_Diss_Water,Na_Diss_Water,NH4_N_Diss_Water,NO3_NO2_N_Diss_Water,pH_Diss_Water,PO4_P_Diss_Water,Si_Diss_Water,SO4_Diss_Water,TAL_Diss_Water
1992.65625,10.0,3.173076923076923,11.459615384615383,42.401923076923076,7.6,0.1423076923076923,0.7115384615384616,1.3346153846153845,7.365384615384615,0.0368421052631579,0.1,6.514285714285714,0.0017543859649122807,3.254385964912281,4.698076923076924,10.634615384615385
