Year,Month,Ca_Diss_Water,Cl_Diss_Water,DMS_Tot_Water,EC_Phys_Water,F_Diss_Water,K_Diss_Water,Mg_Diss_Water,Na_Diss_Water,NH4_N_Diss_Water,NO3_NO2_N_Diss_Water,pH_Diss_Water,PO4_P_Diss_Water,Si_Diss_Water,SO4_Diss_Water,TAL_Diss_Water
1995.030303030303,6.0,3.222413793103448,10.33103448275862,37.903571428571425,7.101538461538462,0.12142857142857143,0.7137931034482758,1.2310344827586206,5.858620689655172,0.03709677419354839,0.09838709677419354,6.524615384615386,0.0016129032258064516,2.7790322580645164,4.586206896551725,9.53157894736842
