Year,Month,Ca_Diss_Water,Cl_Diss_Water,DMS_Tot_Water,EC_Phys_Water,F_Diss_Water,K_Diss_Water,Mg_Diss_Water,Na_Diss_Water,NH4_N_Diss_Water,NO3_NO2_N_Diss_Water,pH_Diss_Water,PO4_P_Diss_Water,Si_Diss_Water,SO4_Diss_Water,TAL_Diss_Water
1994.581818181818,8.0,2.5456521739130435,10.128260869565217,35.33777777777778,6.445454545454545,0.11555555555555552,0.5847826086956524,1.2543478260869565,5.552173913043478,0.03653846153846154,0.09807692307692303,6.416363636363638,0.0,2.911764705882352,4.708695652173913,8.076086956521738
