Year,Month,Ca_Diss_Water,Cl_Diss_Water,DMS_Tot_Water,EC_Phys_Water,F_Diss_Water,K_Diss_Water,Mg_Diss_Water,Na_Diss_Water,NH4_N_Diss_Water,NO3_NO2_N_Diss_Water,pH_Diss_Water,PO4_P_Diss_Water,Si_Diss_Water,SO4_Diss_Water,TAL_Diss_Water
1995.2028985507247,2.0,3.2765625,13.6375,45.11249999999999,8.160869565217391,0.1265625,0.9906250000000001,1.7859375,7.4234374999999995,0.06119402985074626,0.12537313432835823,6.694117647058824,0.0014925373134328358,1.2850746268656716,4.896875,9.9015625
