mon_feature_id,sample_begin_depth,Ca_Diss_Water,Cl_Diss_Water,DMS_Tot_Water,EC_Phys_Water,F_Diss_Water,K_Diss_Water,Mg_Diss_Water,Na_Diss_Water,NH4_N_Diss_Water,NO3_NO2_N_Diss_Water,P_Tot_Water,pH_Diss_Water,PO4_P_Diss_Water,Si_Diss_Water,SO4_Diss_Water,TAL_Diss_Water
101975.0,0.0,14.957666666666668,71.34342857142856,240.15693220338983,40.34617647058823,0.21429508196721317,6.311721311475409,8.412476190476191,43.90311666666667,0.26809230769230774,1.9639846153846154,,7.559132352941176,0.39289393939393946,5.169523076923077,18.50292063492063,51.84934920634921
