mon_feature_id,sample_begin_depth,Ca_Diss_Water,Cl_Diss_Water,DMS_Tot_Water,EC_Phys_Water,F_Diss_Water,K_Diss_Water,Mg_Diss_Water,Na_Diss_Water,NH4_N_Diss_Water,NO3_NO2_N_Diss_Water,P_Tot_Water,pH_Diss_Water,PO4_P_Diss_Water,Si_Diss_Water,SO4_Diss_Water,TAL_Diss_Water
101975.0,0.0,15.45649275362319,75.63155072463768,250.70198507462686,42.542666666666676,0.24267164179104478,9.372485294117649,7.221173913043478,47.54385294117647,0.24795714285714285,2.670811594202899,,7.401445945945946,0.9967285714285714,5.293614285714286,18.59095652173913,51.098884057971006
