mon_feature_id,sample_begin_depth,Ca_Diss_Water,Cl_Diss_Water,DMS_Tot_Water,EC_Phys_Water,F_Diss_Water,K_Diss_Water,Mg_Diss_Water,Na_Diss_Water,NH4_N_Diss_Water,NO3_NO2_N_Diss_Water,P_Tot_Water,pH_Diss_Water,PO4_P_Diss_Water,Si_Diss_Water,SO4_Diss_Water,TAL_Diss_Water
101975.0,0.0,15.586357142857148,77.22181690140845,249.82439682539686,41.4936,0.2106923076923077,7.415454545454546,7.898101449275363,46.77879411764705,0.33725714285714287,2.2777534246575337,,7.463432432432432,0.5708591549295774,5.240185714285715,20.329267605633806,47.076414285714286
