mon_feature_id,sample_begin_depth,Ca_Diss_Water,Cl_Diss_Water,DMS_Tot_Water,EC_Phys_Water,F_Diss_Water,K_Diss_Water,Mg_Diss_Water,Na_Diss_Water,NH4_N_Diss_Water,NO3_NO2_N_Diss_Water,P_Tot_Water,pH_Diss_Water,PO4_P_Diss_Water,Si_Diss_Water,SO4_Diss_Water,TAL_Diss_Water
101975.0,0.0,15.01308064516129,66.61593548387097,218.99261403508768,37.95358208955224,0.250593220338983,5.9852622950819665,7.951629032258065,39.85968852459017,0.338921875,1.6003166666666666,,7.523104477611941,0.3226875,4.96546875,19.126806451612904,49.63168852459015
