mon_feature_id,sample_begin_depth,Ca_Diss_Water,Cl_Diss_Water,DMS_Tot_Water,EC_Phys_Water,F_Diss_Water,K_Diss_Water,Mg_Diss_Water,Na_Diss_Water,NH4_N_Diss_Water,NO3_NO2_N_Diss_Water,P_Tot_Water,pH_Diss_Water,PO4_P_Diss_Water,Si_Diss_Water,SO4_Diss_Water,TAL_Diss_Water
101975.0,0.0,16.823999999999998,92.1846393442623,293.98963157894735,49.69117647058824,0.24480000000000002,10.24344262295082,8.249450000000001,59.699065573770504,0.452875,2.981161290322581,,7.563220588235294,1.2213174603174604,5.139593750000001,20.24172131147541,58.68985483870968
