mon_feature_id,sample_begin_depth,Ca_Diss_Water,Cl_Diss_Water,DMS_Tot_Water,EC_Phys_Water,F_Diss_Water,K_Diss_Water,Mg_Diss_Water,Na_Diss_Water,NH4_N_Diss_Water,NO3_NO2_N_Diss_Water,P_Tot_Water,pH_Diss_Water,PO4_P_Diss_Water,Si_Diss_Water,SO4_Diss_Water,TAL_Diss_Water
101975.0,0.0,19.428861538461536,122.52908955223879,388.49305,62.98732394366196,0.277453125,12.321454545454547,10.473432835820896,82.53935384615384,0.5076086956521739,3.017892307692308,,7.684943661971831,1.3340579710144929,4.946666666666666,23.14392537313433,80.14728787878789
