mon_feature_id,sample_begin_depth,Ca_Diss_Water,Cl_Diss_Water,DMS_Tot_Water,EC_Phys_Water,F_Diss_Water,K_Diss_Water,Mg_Diss_Water,Na_Diss_Water,NH4_N_Diss_Water,NO3_NO2_N_Diss_Water,P_Tot_Water,pH_Diss_Water,PO4_P_Diss_Water,Si_Diss_Water,SO4_Diss_Water,TAL_Diss_Water
101975.0,0.0,18.178,93.7070447761194,312.21155555555544,51.96574285714286,0.2511076923076923,8.818348484848485,9.512537313432839,61.34856923076924,0.5058676470588236,2.7976969696969696,,7.599785714285715,0.9701617647058822,5.452558823529412,21.854999999999997,67.13362686567164
