mon_feature_id,sample_begin_depth,Ca_Diss_Water,Cl_Diss_Water,DMS_Tot_Water,EC_Phys_Water,F_Diss_Water,K_Diss_Water,Mg_Diss_Water,Na_Diss_Water,NH4_N_Diss_Water,NO3_NO2_N_Diss_Water,P_Tot_Water,pH_Diss_Water,PO4_P_Diss_Water,Si_Diss_Water,SO4_Diss_Water,TAL_Diss_Water
101975.0,0.0,19.337492307692308,121.68006153846154,368.05155737704916,60.11415942028986,0.2822698412698413,10.033190476190477,10.822430769230772,78.1798253968254,0.15401515151515152,2.1009687500000007,,7.648260869565218,1.2568636363636365,3.881818181818182,24.000107692307694,72.342390625
