mon_feature_id,sample_begin_depth,Ca_Diss_Water,Cl_Diss_Water,DMS_Tot_Water,EC_Phys_Water,F_Diss_Water,K_Diss_Water,Mg_Diss_Water,Na_Diss_Water,NH4_N_Diss_Water,NO3_NO2_N_Diss_Water,P_Tot_Water,pH_Diss_Water,PO4_P_Diss_Water,Si_Diss_Water,SO4_Diss_Water,TAL_Diss_Water
101975.0,0.0,15.407235294117644,67.45482352941177,221.58887096774194,38.551388888888894,0.21366666666666667,6.614621212121212,7.7272058823529415,39.69501515151515,0.2353529411764706,1.699686567164179,,7.514694444444444,0.36244117647058827,5.047617647058823,19.041582089552236,47.70067164179105
