mon_feature_id,sample_begin_depth,Ca_Diss_Water,Cl_Diss_Water,DMS_Tot_Water,EC_Phys_Water,F_Diss_Water,K_Diss_Water,Mg_Diss_Water,Na_Diss_Water,NH4_N_Diss_Water,NO3_NO2_N_Diss_Water,P_Tot_Water,pH_Diss_Water,PO4_P_Diss_Water,Si_Diss_Water,SO4_Diss_Water,TAL_Diss_Water
101975.0,0.0,18.527555555555555,120.07005555555556,358.8456399999999,58.51525423728814,0.2329056603773585,8.804222222222222,11.337592592592591,73.39972222222224,0.08715384615384615,2.363415094339622,,7.602186440677966,2.545888888888889,4.2845,23.97392592592593,64.96964814814815
