mon_feature_id,sample_begin_depth,Ca_Diss_Water,Cl_Diss_Water,DMS_Tot_Water,EC_Phys_Water,F_Diss_Water,K_Diss_Water,Mg_Diss_Water,Na_Diss_Water,NH4_N_Diss_Water,NO3_NO2_N_Diss_Water,P_Tot_Water,pH_Diss_Water,PO4_P_Diss_Water,Si_Diss_Water,SO4_Diss_Water,TAL_Diss_Water
101975.0,0.0,20.872850000000003,123.75690000000002,401.5588070175438,63.40114285714286,0.2529491525423729,13.272499999999999,10.655383333333335,83.03524561403509,0.4301147540983607,2.4312,,7.724761904761905,1.3536393442622952,4.153639344262295,24.193683333333336,88.79728333333333
