mon_feature_id,sample_begin_depth,Ca_Diss_Water,Cl_Diss_Water,DMS_Tot_Water,EC_Phys_Water,F_Diss_Water,K_Diss_Water,Mg_Diss_Water,Na_Diss_Water,NH4_N_Diss_Water,NO3_NO2_N_Diss_Water,P_Tot_Water,pH_Diss_Water,PO4_P_Diss_Water,Si_Diss_Water,SO4_Diss_Water,TAL_Diss_Water
101975.0,0.0,15.787128571428571,79.05297142857144,258.4705,44.03733333333333,0.2165942028985507,6.920826086956522,8.670342857142856,48.247161764705886,0.40805633802816904,2.285,0.77,7.623213333333331,0.695830985915493,5.803774647887325,17.596557142857144,57.36860294117647
